opt,N,versao,D1_miss_rate,LLd_miss_rate,D1_misses,LLd_misses
O0,512,padrao,6.6,0.0,134972814,100295
O0,512,bloco,0.7,0.0,17467790,100295
O0,1024,padrao,6.7,0.0,1077932431,919499
O0,1024,bloco,0.7,0.0,139069839,911436
O0,1536,padrao,6.7,0.8,3635957135,455051347
O0,1536,bloco,0.7,0.0,468617615,9144404
O3,512,padrao,49.7,0.0,134972819,100300
O3,512,bloco,6.1,0.0,17471896,100301
O3,1024,padrao,49.9,0.0,1077932436,919506
O3,1024,bloco,6.1,0.0,139102617,911445
O3,1536,padrao,50.0,6.3,3635957140,455051356
O3,1536,bloco,6.1,0.1,468728217,9144415
